Actual,Predicted
0,-0.3965
1,-0.4866
0,-0.4607
1,-0.4663
-1,-0.4722
-1,-0.4314
-1,-0.442
0,-0.4026
0,-0.1752
0,-0.215
0,-0.1719
0,-0.1425
1,-0.2284
-1,-0.2866
-1,-0.253
-1,-0.2258
-1,-0.3335
0,-0.2405
0,-0.3267
1,-0.2617
1,-0.271
0,-0.2783
1,-0.2585
0,-0.3022
0,-0.1675
-1,-0.2576
0,-0.31
0,-0.17
0,-0.205
0,-0.2483
1,-0.2808
1,-0.162
1,-0.0936
0,-0.12115
-1,-0.1042
1,-0.1117
1,-0.05865
1,-0.0843
-1,-0.1625
0,-0.199
0,-0.034
1,-0.1962
0,-0.2197
1,-0.1661
0,-0.1324
-1,-0.1046
0,-0.1204
1,-0.161
1,-0.02608
0,-0.1537
-1,-0.1272
0,-0.1758
1,-0.1644
1,-0.1412
-1,-0.1111
0,-0.1364
1,-0.2336
1,-0.2717
1,-0.1946
1,-0.0915
0,-0.2083
0,-0.0919
1,-0.2378
-1,-0.1509
0,-0.2311
-1,-0.1628
0,-0.10236
-1,-0.2231
0,-0.09064
0,-0.1407
1,-0.1652
1,-0.2417
1,-0.2185
-1,-0.0767
0,-0.1107
1,-0.1627
1,-0.2174
1,-0.2152
1,-0.1772
0,-0.0539
-1,-0.134
1,-0.071
-1,-0.10516
1,-0.0384
1,-0.1885
0,-0.1782
0,-0.04782
1,-0.1051
1,-0.2057
-1,-0.1099
-1,-0.2974
1,-0.0211
-1,-0.1356
1,-0.0657
0,-0.2025
0,-0.1747
1,-0.1732
1,-0.1234
0,-0.1461
0,-0.2006
-1,-0.02757
1,-0.136
1,-0.0961
1,-0.0463
1,-0.1195
1,-0.1268
-1,-0.11926
0,-0.128
0,-0.185
-1,-0.1626
1,-0.0881
0,-0.1747
1,-0.1104
1,-0.1835
0,-0.0858
1,-0.2197
0,-0.04282
-1,-0.0684
1,-0.0837
1,-0.1295
0,-0.011826
1,-0.0873
1,-0.06445
1,-0.04352
-1,-0.1711
1,-0.09186
0,-0.1103
-1,-0.071
0,-0.00518
0,-0.04843
1,-0.05875
0,-0.0633
0,-0.12476
-1,-0.03412
1,-0.037
0,-0.0859
0,-0.1134
0,-0.1173
1,0.02307
-1,-0.04742
1,-0.0662
1,-0.07196
0,-0.0924
1,-0.0795
0,0.03796
1,-0.0876
0,-0.06506
0,-0.001455
1,-0.006233
0,-0.1398
0,-0.1486
0,-0.0788
0,-0.0641
1,-0.0265
1,-0.08044
1,-0.1356
0,-0.03925
0,-0.1038
0,-0.144
-1,-0.0709
-1,-0.0354
1,0.02483
0,-0.04868
1,-0.04276
0,0.0685
0,0.01501
0,-0.04504
0,-0.06647
0,-0.02861
0,-0.0706
1,-0.0247
0,-0.0709
0,-0.04272
1,0.006165
1,-0.0534
0,-0.003874
0,-0.0564
1,-0.007217
0,-0.05017
0,-0.0905
0,0.0352
-1,-0.09644
0,-0.0459
0,-0.0813
0,-0.05502
0,-0.1195
1,-0.1198
0,-0.0464
0,0.02307
1,-0.194
1,-0.06287
-1,-0.08527
-1,-0.10986
1,-0.10925
1,-0.1462
-1,-0.2233
0,-0.0366
0,-0.1081
0,-0.1083
-1,-0.02563
1,-0.0858
0,-0.1433
1,-0.003237
-1,-0.0757
0,0.0657
0,-0.03293
0,-0.1038
0,-0.1653
0,-0.0865
0,-0.0822
0,-0.11224
0,-0.09393
1,-0.03046
1,0.04688
0,-0.136
1,-0.1426
0,-0.06134
-1,0.01735
0,-0.11847
0,-0.0829
0,-0.03772
1,-0.0896
0,-0.01665
0,-0.10394
0,-0.0246
-1,-0.192
0,-0.0907
0,-0.06494
1,-0.05597
0,-0.06445
0,-0.06433
0,-0.02942
0,0.005054
1,-0.10657
0,-0.05377
1,-0.06854
0,-0.0057
-1,-0.00792
0,-0.01588
0,-0.1152
1,-0.007797
0,-0.04874
0,-0.0608
0,-0.06696
0,-0.01476
0,-0.0497
0,-0.08636
0,-0.1052
-1,-0.05634
1,-0.1012
1,-0.03061
-1,-0.172
0,-0.1085
1,-0.1261
-1,-0.1272
1,-0.0868
1,-0.0974
0,-0.09515
-1,-0.0689
1,-0.2015
0,-0.1284
0,-0.1348
0,-0.119
0,-0.0698
1,-0.081
0,-0.0948
1,-0.1443
0,-0.1168
-1,-0.153
1,-0.1249
1,-0.1075
-1,-0.1542
1,-0.0915
-1,-0.2224
-1,-0.10785
0,-0.1525
0,-0.1517
1,-0.10114
0,-0.09564
0,-0.08984
1,-0.05438
0,-0.1816
0,-0.0772
0,-0.1704
1,-0.0539
-1,-0.0905
0,-0.09515
0,-0.12244
0,-0.10516
0,-0.1021
0,-0.1613
1,-0.0995
0,-0.1407
1,-0.1249
0,-0.04358
0,-0.157
0,-0.04144
1,-0.11206
-1,-0.0866
1,-0.0953
1,-0.09503
0,-0.09766
1,-0.1437
0,-0.1538
0,-0.158
0,-0.1724
1,-0.09814
1,-0.06003
0,-0.1644
-1,-0.1426
0,-0.11053
1,-0.07416
1,-0.1048
0,-0.1211
1,0.0737
1,-0.0857
1,-0.03165
0,-0.0943
1,-0.0667
0,-0.0849
0,-0.1148
1,-0.05768
0,-0.1416
1,-0.1153
0,-0.1549
0,-0.09076
1,-0.1542
0,-0.0797
0,-0.09204
-1,-0.05585
1,-0.11804
1,-0.1666
1,-0.1387
0,-0.06415
1,-0.0758
1,-0.0307
1,-0.0563
1,-0.1114
0,-0.1492
0,-0.01045
1,-0.06134
0,-0.192
1,-0.1915
0,-0.1458
0,-0.1825
-1,-0.1371
0,-0.1133
-1,-0.04437
0,-0.11127
1,-0.0635
1,-0.0664
0,-0.03305
0,-0.07434
0,-0.1299
1,-0.05148
0,-0.04218
-1,-0.0432
1,-0.02635
-1,0.0572
-1,-0.03293
1,-0.07587
0,-0.02979
-1,-0.0984
1,-0.0524
0,-0.08484
1,-0.07983
1,-0.01833
1,-0.0711
1,-0.0784
1,-0.1421
1,-0.0788
1,0.015465
0,-0.0406
0,-0.07385
0,-0.1709
1,-0.0303
0,-0.0774
1,-0.1422
1,-0.0939
-1,-0.1066
-1,-0.10864
0,-0.06195
0,-0.129
0,-0.0872
1,-0.1759
1,-0.04462
0,-0.06396
1,-0.0967
0,-0.0558
1,-0.11584
-1,-0.0747
0,-0.0548
-1,-0.0854
0,-0.0569
0,-0.1011
0,-0.1364
0,-0.1818
-1,-0.07263
0,-0.1311
1,-0.01642
1,-0.05893
-1,-0.1659
0,-0.0982
-1,-0.163
-1,-0.1083
0,-0.05017
1,0.0245
0,-0.0046
-1,-0.0949
0,0.01596
1,-0.09705
1,-0.03256
0,-0.0182
0,-0.0617
0,-0.0871
0,-0.08545
1,-0.02785
0,-0.03937
-1,-0.0819
1,-0.0094
1,-0.0747
0,-0.1681
0,-0.0007305
0,-0.0714
1,-0.221
0,-0.11145
0,-0.1279
1,-0.04016
0,-0.0737
0,-0.05124
1,-0.0903
0,-0.1475
-1,-0.151
0,-0.1495
1,-0.04443
0,-0.098
-1,-0.0795
1,-0.10004
0,-0.066
0,-0.0528
0,-0.1506
0,-0.1283
0,-0.09436
1,-0.1127
0,-0.02715
1,-0.0985
1,-0.07855
1,-0.01575
0,-0.09186
0,-0.146
1,-0.0448
0,-0.048
0,0.02681
1,-0.03168
0,-0.0763
1,-0.11664
0,-0.1658
1,-0.1835
-1,-0.1494
-1,-0.15
0,-0.10156
0,-0.0909
0,-0.04758
0,-0.001644
1,-0.08453
0,-0.188
1,-0.10864
0,-0.0726
-1,-0.1025
0,-0.08044
1,-0.0631
1,-0.161
-1,-0.1403
1,-0.205
0,-0.0686
0,-0.1287
0,-0.0551
1,-0.0557
0,-0.08466
0,-0.10657
1,-0.1378
-1,-0.171
1,-0.1177
0,-0.1757
1,-0.1517
0,-0.0916
0,-0.143
0,-0.09454
0,-0.1279
-1,-0.1119
0,-0.1576
1,-0.1006
1,-0.1644
0,-0.05988
0,-0.135
1,-0.05725
0,-0.1836
0,-0.1112
-1,-0.04895
1,-0.05414
0,-0.0935
1,-0.0159
0,-0.1079
0,-0.1881
0,-0.1548
0,-0.1298
-1,-0.1169
0,-0.10315
1,-0.02002
-1,-0.10156
1,-0.0915
1,-0.05795
1,-0.1437
0,-0.11395
0,-0.1672
1,-0.10376
1,-0.06003
0,-0.1707
1,-0.1068
0,-0.0735
-1,-0.0865
-1,-0.0726
0,-0.11694
1,-0.04395
1,-0.1925
0,-0.03793
-1,-0.04175
0,-0.1226
0,-0.0574
0,-0.191
0,-0.1866
1,-0.1025
0,-0.0866
0,-0.1433
0,-0.1418
0,-0.1526
1,-0.0928
-1,-0.06232
1,-0.1624
0,-0.07117
0,-0.07416
-1,-0.2012
1,-0.158
1,-0.1871
0,-0.1077
1,-0.1635
0,-0.1504
1,-0.07605
0,-0.1895
1,-0.1703
1,-0.05142
0,-0.1726
0,-0.11554
0,-0.1342
0,-0.138
0,-0.1425
0,-0.0891
1,-0.1503
1,-0.1642
0,-0.0886
0,-0.1002
0,-0.1753
0,-0.2124
1,-0.1969
0,-0.1947
1,-0.1901
0,-0.1381
-1,-0.1412
0,-0.1865
0,-0.1465
1,-0.1832
0,-0.155
1,-0.1115
1,-0.1802
1,-0.1714
-1,-0.1603
0,-0.10315
0,-0.10803
0,-0.1477
1,-0.1512
0,-0.1732
0,-0.253
0,-0.1737
1,-0.1509
1,-0.2009
0,-0.1906
1,-0.1649
1,-0.1846
-1,-0.2197
1,-0.05603
0,-0.1555
1,-0.167
1,-0.2167
0,-0.1438
1,-0.1495
0,-0.0739
1,-0.1268
0,-0.1832
0,-0.1367
0,-0.0728
1,-0.03555
1,0.02882
0,-0.0811
0,-0.05884
0,-0.0769
-1,-0.03845
-1,-0.0667
1,-0.0775
1,-0.01114
-1,-0.03604
0,-0.124
1,-0.1121
0,-0.0181
0,-0.04166
0,-0.06213
0,-0.1299
0,-0.12366
1,-0.0685
1,-0.05518
-1,-0.2094
0,-0.1711
0,-0.0598
-1,-0.2454
0,-0.127
0,-0.06616
0,-0.09045
0,-0.05942
-1,-0.0474
1,-0.1159
0,-0.0906
1,-0.1079
0,-0.0829
1,-0.02173
1,-0.03528
1,-0.1775
0,-0.10956
0,-0.06052
0,-0.01382
-1,-0.02379
1,-0.0675
0,-0.112
0,-0.1266
-1,-0.1437
1,-0.12085
0,-0.05017
0,-0.1718
1,-0.1775
0,-0.2397
0,-0.2009
-1,-0.155
0,-0.05304
0,-0.2164
0,-0.1493
0,-0.1538
0,-0.2123
0,-0.1846
0,-0.1294
0,-0.11017
1,-0.2135
0,-0.1805
0,-0.2306
0,-0.0627
0,-0.1907
1,-0.10443
-1,-0.11414
1,-0.0692
-1,-0.1611
1,-0.107
1,-0.0812
0,-0.0682
0,-0.0965
0,-0.179
0,-0.2695
0,0.013084
1,-0.1428
0,-0.0903
0,-0.1869
1,-0.0882
1,-0.1371
0,-0.144
1,-0.10583
1,-0.0918
0,-0.1265
0,-0.128
-1,-0.1791
1,-0.08105
1,-0.12164
0,-0.068
1,-0.0672
1,-0.1588
1,-0.098
0,-0.0909
0,-0.08
0,-0.1138
-1,-0.0933
-1,-0.0462
1,-0.11554
0,-0.1284
1,-0.1175
0,-0.1459
0,-0.1432
1,-0.0749
0,-0.1334
1,-0.05292
0,-0.03372
0,-0.07367
0,-0.093
0,-0.0985
0,-0.1143
-1,-0.2128
0,-0.1226
0,-0.0465
-1,-0.04114
0,-0.06116
0,-0.04395
-1,-0.05768
1,-0.10944
1,0.02193
0,-0.0508
1,-0.084
0,-0.172
1,-0.01848
0,-0.1998
0,-0.12415
1,-0.1403
1,-0.0709
1,-0.1268
-1,-0.08984
-1,-0.1382
0,-0.1392
0,-0.0881
0,-0.09393
1,-0.0938
0,-0.05844
0,-0.1298
0,-0.06885
0,-0.1149
0,-0.1298
1,-0.09534
0,-0.1598
0,-0.08026
0,-0.147
0,-0.1387
0,-0.08545
0,-0.1382
1,-0.1447
-1,-0.1956
-1,-0.1266
0,-0.1097
0,-0.1581
0,-0.06903
1,-0.09235
0,-0.1525
0,-0.11066
0,-0.10376
-1,-0.1377
1,-0.0375
0,-0.1469
1,-0.1255
0,-0.1553
1,-0.1279
0,-0.1753
1,-0.11237
0,-0.1753
0,-0.1632
-1,-0.1653
0,-0.0979
-1,-0.0984
0,-0.2094
1,-0.1715
1,-0.138
0,-0.1848
1,-0.208
0,-0.1926
1,-0.1628
0,-0.0919
0,-0.0747
1,-0.0638
0,-0.1696
1,-0.04227
1,-0.1534
1,-0.0682
1,-0.1276
0,-0.1646
1,-0.0759
0,-0.1317
-1,-0.09924
0,-0.11383
0,-0.08325
0,-0.0889
0,-0.10046
-1,0.05264
1,-0.008865
1,-0.10205
0,-0.02722
0,-0.04218
1,-0.1477
-1,-0.03387
1,-0.1172
0,-0.1023
0,-0.04227
-1,-0.135
1,-0.08936
-1,-0.075
-1,-0.11523
0,-0.1176
0,-0.103
0,-0.01852
1,-0.1119
1,-0.00889
0,-0.00308
1,-0.1157
1,-0.04086
0,-0.05222
0,-0.0571
-1,-0.09827
1,-0.179
0,-0.07776
0,-0.11414
0,-0.0977
0,-0.1747
-1,-0.1083
1,-0.0606
1,-0.0636
0,-0.05487
0,-0.03177
1,-0.10693
-1,-0.05646
1,-0.172
0,-0.08325
1,-0.10876
1,-0.1022
0,-0.07874
0,-0.0823
0,-0.1475
0,-0.01872
1,-0.01822
0,-0.157
-1,-0.159
1,-0.1626
1,-0.10724
0,-0.0555
0,-0.1098
1,-0.02808
0,-0.1388
0,-0.0415
0,-0.08905
0,-0.1116
1,0.010185
0,-0.1271
1,-0.0705
1,-0.1105
1,-0.0715
0,-0.08105
0,-0.07263
0,-0.1719
-1,-0.1265
0,-0.08624
1,-0.109
0,-0.159
0,-0.1087
-1,-0.10187
1,-0.125
-1,-0.054
1,-0.1486
-1,-0.083
1,-0.04123
0,-0.1469
0,-0.0997
0,-0.1635
0,-0.05182
0,-0.1273
-1,-0.1472
0,-0.1134
1,-0.1501
0,-0.1483
1,-0.1129
0,-0.1321
1,-0.01877
1,-0.1322
0,-0.09674
1,-0.04465
1,-0.06073
0,-0.05606
1,-0.0685
1,-0.11554
1,0.01104
1,0.0651
1,-0.03207
1,-0.0161
1,-0.01424
1,-0.1469
-1,-0.0413
1,-0.02919
1,-0.09735
0,-0.0772
1,-0.0994
0,0.0316
0,0.0315
0,-0.0855
0,-0.03287
1,-0.093
-1,-0.001936
0,-0.02628
0,-0.0845
0,-0.161
0,-0.1293
0,-0.09314
1,-0.1121
-1,-0.1698
0,-0.1262
1,-0.0921
0,-0.0395
1,-0.0662
1,-0.013824
0,-0.08514
-1,-0.0937
1,-0.1285
1,-0.05563
0,-0.06
-1,-0.078
-1,-0.10803
0,-0.0835
0,-0.1401
1,-0.0629
0,-0.04355
0,-0.0849
1,-0.08264
1,-0.0775
-1,-0.053
1,-0.1112
0,-0.0673
0,-0.1261
1,-0.10187
1,-0.12286
-1,-0.10913
0,-0.1451
1,-0.05704
0,-0.02339
1,-0.2234
1,-0.0597
0,-0.10547
-1,-0.01508
1,-0.02016
1,-0.0898
1,-0.0795
-1,-0.11536
0,-0.1737
1,-0.12366
1,-0.1176
1,-0.0587
0,-0.1395
1,-0.0595
0,-0.09644
0,-0.02562
0,-0.0509
1,-0.02081
1,-0.04883
0,-0.1156
0,-0.03168
1,-0.1404
1,-0.2318
-1,0.002491
-1,-0.05536
1,-0.04044
0,-0.02307
0,0.004486
0,-0.008606
1,-0.1256
1,-0.09357
0,-0.051
-1,-0.1177
-1,-0.06003
1,-0.064
0,-0.0472
1,-0.0831
0,-0.11334
0,0.004456
1,-0.0892
1,-0.10236
0,-0.05634
0,-0.0529
0,-0.086
-1,-0.0811
1,-0.0375
1,-0.055
0,-0.0597
0,-0.04117
1,0.017
0,0.01953
1,-0.1515
0,-0.0424
1,-0.11523
0,-0.0855
1,-0.0876
0,-0.1829
0,-0.1564
0,-0.1879
0,-0.1522
1,-0.1407
0,-0.0931
0,0.05905
0,-0.09705
0,-0.0955
-1,-0.11676
-1,-0.05457
1,-0.1276
0,-0.03598
0,-0.10486
0,-0.046
0,-0.0507
1,-0.00866
-1,-0.01569
1,-0.04742
0,-0.0614
-1,-0.1741
-1,-0.1396
0,-0.1733
0,-0.0981
0,-0.1135
0,-0.0926
0,-0.0278
1,-0.0451
0,-0.0355
1,-0.05292
0,-0.1794
1,-0.0989
0,-0.1516
-1,-0.10706
-1,-0.1334
0,-0.0749
0,-0.1259
-1,-0.1884
1,-0.09186
0,-0.065
0,-0.1103
0,-0.09204
1,-0.08746
0,-0.11865
0,-0.1406
0,-0.06104
0,-0.1973
0,-0.1554
-1,-0.1827
0,-0.1841
1,-0.1182
0,-0.1222
0,-0.1317
1,-0.1503
0,-0.1937
0,-0.1813
0,-0.146
0,-0.1864
0,-0.211
1,-0.05798
1,-0.10486
-1,-0.1531
-1,-0.09174
0,-0.1506
0,-0.1528
1,-0.1528
0,-0.1381
0,-0.1381
0,-0.1348
0,-0.2031
1,-0.2028
0,-0.2028
-1,-0.1632
1,-0.1554
1,-0.1365
1,-0.1295
1,-0.09875
0,-0.10596
0,-0.06024
-1,-0.1492
-1,-0.1265
1,-0.1881
1,-0.2003
-1,-0.11005
0,-0.1142
-1,-0.1057
0,-0.0714
1,-0.1244
1,-0.0927
0,-0.1398
0,-0.04642
0,-0.1156
-1,-0.1902
1,-0.1167
0,-0.1071
0,-0.1321
1,-0.0743
1,-0.06824
0,0.03894
0,-0.0433
1,-0.05826
0,-0.04626
0,-0.03165
-1,-0.05603
1,-0.10516
0,-0.1108
0,-0.1385
1,-0.1061
0,-0.1332
1,-0.12463
1,-0.0843
0,-0.09973
-1,-0.12
1,-0.12354
0,-0.123
1,-0.1437
0,-0.2487
0,-0.2106
0,-0.1458
0,-0.1183
1,-0.1288
0,-0.0883
0,-0.08527
1,-0.0938
0,-0.07
0,-0.1186
0,-0.1722
1,-0.1332
0,-0.1277
1,-0.1339
0,-0.10565
0,-0.079
0,-0.10876
0,-0.09564
0,-0.1614
0,-0.04623
0,-0.0954
0,-0.1721
0,-0.1741
1,-0.1677
0,0.006226
0,-0.1837
0,-0.1393
0,-0.05707
1,-0.08496
0,-0.1108
0,-0.11554
0,-0.07404
0,-0.1184
0,-0.05295
1,-0.0617
0,-0.1964
0,-0.099
-1,-0.1602
1,-0.132
1,-0.1554
1,-0.1387
0,-0.06097
1,0.00802
-1,-0.1097
-1,-0.0985
-1,-0.10846
1,-0.2153
0,-0.02731
0,-0.1173
0,-0.0951
0,-0.09863
1,-0.1307
1,-0.1276
1,-0.1548
1,-0.07294
0,-0.07654
-1,-0.1505
-1,-0.11096
-1,-0.11957
0,-0.1431
0,-0.1471
1,-0.1497
0,-0.1175
1,-0.09174
0,-0.1517
-1,-0.07306
-1,-0.1742
-1,-0.1185
-1,-0.1318
1,-0.1708
-1,-0.10675
1,-0.09406
0,-0.1575
1,-0.1488
1,-0.097
0,-0.1244
1,-0.0672
0,-0.1444
-1,-0.1486
0,-0.09625
1,-0.2134
1,-0.1963
1,-0.11615
0,-0.211
1,-0.0939
0,-0.1792
-1,-0.135
0,-0.09656
0,-0.0908
0,-0.1099
1,-0.0863
-1,-0.1854
0,-0.08014
0,-0.157
-1,-0.1389
0,-0.01807
0,-0.1455
1,-0.1514
0,-0.1221
0,-0.1296
0,-0.01138
0,-0.1768
1,-0.2622
-1,-0.1603
-1,-0.1555
0,-0.1298
0,-0.1588
0,-0.1438
0,-0.1788
0,-0.1597
0,-0.1726
1,-0.1704
0,-0.11633
0,-0.1465
1,-0.1586
-1,-0.1471
0,-0.1327
-1,-0.1394
0,-0.12305
0,-0.1975
0,-0.1455
0,-0.1512
-1,-0.1554
1,-0.0997
0,-0.0714
-1,-0.1589
1,-0.1587
0,-0.2258
1,-0.09357
0,-0.1959
0,-0.03275
0,-0.0622
0,-0.1372
1,-0.1177
0,-0.0603
0,-0.1181
0,-0.10785
1,-0.1647
0,-0.08276
0,-0.1531
1,-0.10693
1,-0.1707
1,-0.1176
0,-0.0996
0,-0.1652
0,-0.0968
-1,-0.1265
1,-0.0699
0,-0.1416
1,-0.09766
1,-0.10126
1,-0.1141
0,-0.1334
1,-0.0718
-1,-0.1364
0,-0.1272
0,-0.05884
0,-0.08014
1,-0.1699
1,-0.1115
-1,-0.0985
0,-0.01007
1,-0.02536
1,-0.1685
-1,-0.1399
1,-0.1091
0,-0.1227
0,-0.0999
0,-0.1604
1,-0.1004
0,-0.1357
-1,-0.1403
0,-0.08997
0,-0.1201
1,-0.0974
-1,-0.09204
0,-0.07715
1,-0.08936
0,-0.10675
0,-0.06415
1,-0.1842
0,-0.05472
0,-0.0828
-1,-0.1295
0,-0.1731
-1,-0.1459
1,-0.1527
0,-0.1218
0,-0.1367
0,-0.0702
1,-0.1677
-1,-0.06012
0,-0.2383
0,-0.1503
0,-0.144
0,-0.06616
1,-0.1376
0,-0.07306
1,-0.03049
-1,-0.1584
1,-0.12427
1,-0.1317
0,-0.0789
-1,-0.08563
1,-0.0777
-1,-0.2307
0,-0.11646
-1,-0.1498
0,-0.2067
0,-0.1577
0,-0.1132
0,-0.1339
0,-0.141
0,-0.1797
0,-0.1382
0,-0.1606
1,-0.0953
0,-0.1598
1,-0.1158
0,-0.1685
1,-0.11304
0,-0.1909
1,-0.0669
1,-0.08057
0,-0.0833
0,-0.1494
-1,-0.1488
0,-0.1434
0,-0.1036
0,-0.1643
-1,-0.1742
1,-0.1636
0,-0.1837
1,-0.1532
0,-0.18
1,-0.08685
0,-0.1465
1,-0.1697
-1,-0.2017
1,-0.1465
1,-0.1752
0,-0.2223
0,-0.2053
0,-0.266
0,-0.2172
1,-0.1504
0,-0.08826
0,-0.1506
0,-0.12213
-1,-0.1863
0,-0.2166
1,-0.1234
-1,-0.1588
0,-0.1766
0,-0.115
0,-0.0564
1,-0.2046
0,-0.1666
0,-0.11957
0,-0.227
0,-0.1277
-1,-0.1356
0,-0.1691
0,-0.1562
0,-0.07306
1,-0.0999
-1,-0.1466
1,-0.1367
0,-0.187
0,-0.07983
1,-0.01113
1,-0.1235
0,-0.1184
1,-0.1394
0,-0.1486
1,-0.11914
1,-0.1488
0,-0.1292
-1,-0.2439
-1,-0.1729
0,-0.1318
0,-0.1011
1,-0.1802
0,-0.0929
-1,-0.0954
0,-0.10156
0,-0.10455
-1,-0.1703
-1,-0.1713
0,-0.11694
0,-0.1761
1,-0.2135
0,-0.2299
0,-0.158
-1,-0.1694
-1,-0.1694
1,-0.2117
0,-0.165
-1,-0.147
0,-0.0819
1,-0.01469
1,-0.12286
1,-0.1213
0,-0.0918
0,-0.05368
1,-0.0422
1,-0.1407
0,-0.03958
1,-0.1726
0,-0.10443
0,-0.1311
0,-0.07623
0,-0.05252
0,0.000684
0,-0.0794
0,-0.085
0,-0.0518
0,-0.1803
-1,-0.1697
0,-0.1467
0,-0.1516
1,-0.1178
1,-0.02335
0,-0.11725
0,-0.11066
1,-0.0753
-1,-0.0641
-1,-0.1672
-1,-0.1377
0,-0.0885
1,-0.1011
1,-0.1537
0,-0.1708
0,-0.163
0,-0.2362
1,-0.1816
0,-0.151
0,-0.1055
1,-0.1008
1,-0.1875
1,-0.1041
-1,-0.08435
-1,-0.0445
1,-0.105
1,-0.1915
-1,-0.1382
-1,-0.09717
-1,-0.0784
1,-0.0976
0,-0.1672
0,-0.03033
0,-0.07135
1,-0.1426
1,-0.2123
1,-0.1832
0,-0.1449
1,-0.1936
0,-0.06824
1,-0.06793
1,-0.1462
0,-0.1407
-1,-0.1764
-1,-0.1087
0,-0.1727
1,-0.2124
1,-0.1925
1,-0.1442
1,-0.1664
0,-0.1317
1,-0.1948
1,-0.1398
1,-0.1433
0,-0.0806
0,-0.1547
0,-0.11743
-1,-0.1686
0,-0.149
-1,-0.1855
1,-0.15
1,-0.0986
0,-0.1489
1,-0.1244
0,-0.227
0,-0.10065
0,-0.154
0,-0.128
1,-0.0758
-1,-0.1405
0,-0.0742
0,-0.1211
0,-0.1084
0,-0.0428
0,-0.188
0,-0.1279
1,-0.1151
1,-0.1592
1,-0.0984
0,-0.04974
0,-0.10876
1,-0.09314
0,-0.10706
1,-0.1343
0,-0.09235
1,-0.10223
-1,-0.02492
1,-0.1231
1,-0.07043
0,-0.1963
0,-0.1503
0,-0.174
1,-0.1694
1,-0.2354
1,-0.1362
-1,-0.1882
1,-0.1652
-1,-0.0751
0,-0.1729
0,-0.1617
0,-0.07367
1,-0.1316
0,-0.128
1,-0.1426
0,-0.1259
1,-0.0557
1,-0.1501
1,-0.1542
1,-0.1371
0,-0.1278
-1,-0.1631
0,-0.1473
1,-0.1891
-1,-0.168
0,-0.1619
0,-0.0864
0,-0.114
0,-0.1329
1,-0.1649
1,-0.167
-1,-0.2316
0,-0.2084
1,-0.1482
1,-0.1794
0,-0.1069
1,-0.1862
1,-0.2227
1,-0.1755
0,-0.1709
0,-0.1953
1,-0.1311
1,-0.1777
0,-0.0327
0,-0.1312
0,-0.1924
0,-0.09344
0,-0.0768
0,-0.1908
1,-0.1824
1,-0.1932
0,-0.1802
1,-0.2108
0,-0.1971
1,-0.1958
-1,-0.1705
0,-0.09625
1,-0.1381
0,-0.1613
1,-0.1807
0,-0.1729
0,-0.0657
0,-0.1497
0,-0.168
1,-0.1837
-1,-0.1604
-1,-0.108
0,-0.2314
-1,-0.1362
-1,-0.0546
1,-0.1271
0,-0.1043
0,-0.127
1,-0.1378
0,-0.1337
1,-0.1329
0,-0.118
0,-0.1382
0,-0.09766
0,-0.09985
-1,-0.1451
0,-0.10095
1,-0.10815
0,-0.1267
0,-0.0568
1,-0.0737
0,-0.136
1,-0.09106
1,-0.1498
-1,-0.1312
1,-0.0812
-1,-0.11444
1,-0.0955
1,-0.0636
-1,-0.06274
0,-0.06104
1,-0.1403
1,-0.0896
1,-0.1584
1,-0.165
0,-0.2373
-1,-0.2141
-1,-0.141
1,-0.0422
1,-0.12134
1,-0.1323
0,-0.04755
0,-0.05896
1,-0.1862
1,-0.1932
-1,-0.1869
1,-0.1622
1,-0.0972
0,-0.10913
1,-0.1335
0,-0.0526
1,-0.1306
0,-0.0988
-1,-0.1776
0,-0.11255
1,-0.11926
1,-0.1493
0,-0.1353
1,-0.09094
0,-0.2026
1,-0.1471
1,-0.1014
1,-0.07324
-1,-0.1613
0,-0.1487
0,-0.1628
0,-0.2056
0,-0.1175
-1,-0.1346
1,-0.1886
1,-0.1581
0,-0.1426
1,-0.2056
-1,-0.1327
0,-0.1486
1,-0.09955
0,-0.09033
1,-0.1178
1,-0.1613
-1,-0.1971
1,-0.07117
1,-0.1633
1,-0.1188
0,-0.1276
0,-0.0364
0,-0.1912
1,-0.1383
0,-0.1033
-1,-0.1382
0,-0.1387
-1,-0.1536
0,-0.1053
1,-0.1285
1,-0.12146
0,-0.1428
0,-0.1532
1,-0.0993
0,-0.07574
-1,-0.1775
1,-0.1149
0,-0.175
0,-0.1389
-1,-0.08716
1,-0.1929
1,-0.1023
0,-0.1058
0,-0.133
0,-0.1796
-1,-0.1245
0,-0.0429
1,-0.2006
1,-0.1669
1,-0.1578
